"Name","Instance Count","Size (bytes)"
"java.util.HashMap$Node",23471,751072
"java.lang.String",21315,511560
"org.apache.jackrabbit.spi.commons.name.NamePath",20191,807640
"byte[]",15609,5728048
"java.util.HashMap",6744,323712
"org.apache.commons.collections4.map.AbstractReferenceMap$ReferenceEntry",5400,172800
"java.util.LinkedHashMap$Entry",4834,193360
"org.apache.jackrabbit.core.cache.ConcurrentCache$E",4819,115656
"org.apache.derby.impl.store.raw.data.StoredRecordHeader",4783,153056
"java.util.HashMap$Node[]",4406,502392
"org.apache.derby.impl.store.raw.data.RecordId",3893,93432
"java.util.ArrayList",3608,86592
"java.lang.Object[]",3377,242576
"java.util.concurrent.ConcurrentHashMap$Node",3330,106560
"org.apache.jackrabbit.core.query.lucene.DocId$PlainDocId",3276,52416
"java.lang.ref.ReferenceQueue$Lock",3147,50352
"java.lang.ref.ReferenceQueue",3140,100480
"org.apache.commons.collections4.map.AbstractHashedMap$HashEntry[]",3051,3769328
"org.apache.jackrabbit.util.WeakIdentityCollection$WeakRef",3047,121880
"java.lang.ref.SoftReference",3022,120880
"org.apache.commons.collections4.map.AbstractReferenceMap$SoftRef",2815,112600
"java.lang.Object",2378,38048
"org.apache.commons.collections4.map.ReferenceMap",2327,167544
"org.apache.jackrabbit.core.id.NodeId",2067,66144
"org.apache.commons.collections4.map.AbstractLinkedMap$LinkEntry",1972,78880
"org.apache.commons.collections4.map.AbstractReferenceMap$WeakRef",1895,60640
"java.util.TreeMap$Entry",1830,73200
"java.util.HashSet",1773,28368
"org.apache.jackrabbit.jcr2spi.hierarchy.LinkedEntries$LinkNode",1738,55616
"long[]",1582,61680
"java.util.LinkedHashMap$LinkedValues",1537,24592
"org.apache.commons.collections4.map.AbstractReferenceMap$ReferenceValues",1522,24352
"int[]",1520,294960
"org.apache.jackrabbit.core.cache.ConcurrentCache$1",1481,94784
"org.apache.jackrabbit.core.id.PropertyId",1335,32040
"java.util.TreeMap",1104,52992
"org.apache.jackrabbit.core.value.InternalValue",1099,26376
"java.util.LinkedList$Node",1090,26160
"java.util.TreeSet",1090,17440
"org.apache.jackrabbit.core.journal.MemoryJournal$MemoryRecord",1026,24624
"org.apache.jackrabbit.core.persistence.util.NodePropBundle$ChildNodeEntry",962,23088
"java.util.concurrent.locks.ReentrantLock",961,15376
"java.util.concurrent.locks.ReentrantLock$NonfairSync",956,30592
"java.util.HashMap$KeySet",950,15200
"org.apache.derby.impl.services.cache.ClockPolicy$Holder",933,29856
"java.lang.Class[]",924,20184
"char[]",872,327208
"java.util.HashMap$Values",866,13856
"org.apache.derby.impl.services.cache.CacheEntry",862,34480
"org.apache.jackrabbit.core.value.InternalValue[]",816,19360
"org.apache.jackrabbit.spi.commons.nodetype.PropertyDefinitionImpl",789,25248
"org.apache.jackrabbit.spi.commons.name.PathMap$Element",779,31160
"org.apache.jackrabbit.util.WeakIdentityCollection$WeakRef[]",764,30560
"java.util.concurrent.atomic.AtomicLong",753,18072
"java.util.TreeMap$KeySet",745,11920
"java.util.BitSet",742,17808
"org.apache.jackrabbit.spi.commons.QPropertyDefinitionImpl",737,41272
"org.apache.jackrabbit.core.state.PropertyState",735,29400
"org.apache.jackrabbit.core.CachingHierarchyManager$LRUEntry",733,23456
"org.apache.jackrabbit.util.WeakIdentityCollection",732,23424
"org.apache.jackrabbit.core.query.PropertyTypeRegistry$TypeMapping",707,16968
"org.apache.derby.impl.services.uuid.BasicUUID",703,22496
"org.apache.jackrabbit.spi.commons.name.PathMap$Element[]",701,16824
"org.apache.jackrabbit.core.state.ChildNodeEntry",650,20800
"java.lang.Class",645,206400
"java.util.zip.CRC32",624,9984
"org.apache.jackrabbit.spi.Name[]",601,299536
"org.apache.commons.collections4.map.LinkedMap",597,33432
"org.apache.jackrabbit.core.query.PropertyTypeRegistry$TypeMapping[]",575,13800
"org.apache.jackrabbit.jcr2spi.hierarchy.ChildNodeEntriesImpl",569,18208
"org.apache.jackrabbit.jcr2spi.hierarchy.PropertyEntryImpl",566,22640
"java.util.LinkedList",559,17888
"org.apache.jackrabbit.jcr2spi.hierarchy.LinkedEntries",553,22120
"org.apache.jackrabbit.spi.QValue[]",539,12768
"org.apache.jackrabbit.jcr2spi.hierarchy.ChildPropertyEntriesImpl",533,12792
"org.apache.jackrabbit.jcr2spi.hierarchy.ChildNodeAttic",517,8272
"org.apache.jackrabbit.jcr2spi.hierarchy.NodeEntryImpl",517,33088
"org.apache.derby.catalog.types.TypeDescriptorImpl",510,20400
"org.apache.jackrabbit.jcr2spi.hierarchy.ChildNodeEntriesImpl$NameMap",501,12024
"org.apache.derby.iapi.types.DataTypeDescriptor",489,11736
"org.apache.derby.impl.store.raw.data.StoredRecordHeader[]",481,62952
"org.apache.jackrabbit.jcr2spi.state.PropertyState",470,22560
"org.apache.derby.iapi.services.io.ArrayInputStream",468,14976
"org.apache.jackrabbit.jcr2spi.state.PropertyState$PropertyData",465,11160
"org.apache.jackrabbit.spi.commons.name.NameFactoryImpl$NameImpl",465,14880
"org.apache.derby.iapi.services.io.FormatIdInputStream",458,21984
"org.apache.derby.iapi.store.raw.PageKey",458,10992
"org.apache.derby.impl.sql.compile.SQLParser$JJCalls",458,14656
"boolean[]",456,12456
"org.apache.jackrabbit.core.state.NodeState",453,28992
"org.apache.derby.catalog.types.BaseTypeIdImpl",440,14080
"org.apache.jackrabbit.core.nodetype.NodeTypeImpl",433,17320
"java.util.LinkedHashSet",409,6544
"org.apache.jackrabbit.core.persistence.util.NodePropBundle$PropertyEntry",409,13088
"java.util.concurrent.ConcurrentHashMap",381,24384
"java.util.LinkedHashMap",377,21112
"org.apache.derby.impl.store.raw.data.StoredPage",376,72192
"java.lang.Long",369,8856
"java.util.concurrent.CopyOnWriteArrayList",366,8784
"java.lang.ref.WeakReference",360,11520
"java.util.LinkedHashMap$LinkedKeySet",354,5664
"org.apache.jackrabbit.spi.commons.QNodeTypeDefinitionImpl",354,16992
"java.util.Collections$SynchronizedMap",353,11296
"org.apache.jackrabbit.jcr2spi.security.authorization.PrivilegeImpl",343,10976
"java.lang.StringBuffer",339,10848
"java.lang.String[]",331,18352
"org.apache.derby.iapi.services.io.FormatableBitSet",327,7848
"org.apache.commons.collections4.map.AbstractHashedMap$Values",321,5136
"org.apache.jackrabbit.jcr2spi.nodetype.NodeTypeImpl",316,12640
"org.apache.jackrabbit.core.persistence.util.NodePropBundle",315,17640
"java.util.Hashtable$Entry",302,9664
"org.apache.jackrabbit.jcr2spi.nodetype.EffectiveNodeTypeImpl",301,12040
"org.apache.derby.iapi.types.SQLLongint",295,7080
"java.util.Collections$SynchronizedSet",290,6960
"org.apache.derby.iapi.store.raw.ContainerKey",288,9216
"java.util.Map[]",287,18352
"com.sun.org.apache.xerces.internal.xni.QName",286,9152
"org.apache.jackrabbit.spi.commons.nodetype.NodeDefinitionImpl",284,6816
"java.util.regex.Pattern$BmpCharPredicate$$Lambda$110.0x00000001001ccce8",282,6768
"org.apache.derby.iapi.types.DataValueDescriptor[]",281,12280
"org.apache.lucene.index.FieldInfo",271,8672
"org.apache.derby.impl.store.raw.data.StoredRecordHeader$OverflowInfo",269,8608
"java.util.HashMap$EntrySet",267,4272
"org.apache.maven.surefire.api.util.internal.ClassMethod",263,6312
"java.util.concurrent.ConcurrentHashMap$Node[]",260,49088
"java.util.concurrent.atomic.AtomicInteger",260,4160
"org.apache.jackrabbit.core.virtual.VirtualPropertyState",257,12336
"org.apache.jackrabbit.jcr2spi.state.NodeState",250,12000
"org.apache.jackrabbit.test.LogPrintWriter$NullWriter",244,5856
"org.apache.jackrabbit.test.LogPrintWriter",228,10944
"org.apache.jackrabbit.spi.commons.QNodeDefinitionImpl",227,9080
"org.apache.jackrabbit.spi.commons.conversion.GenerationalCache",221,8840
"org.apache.jackrabbit.core.security.authorization.AbstractCompiledPermissions$Result",206,6592
"org.apache.derby.iapi.store.raw.FetchDescriptor",203,8120
"org.apache.derby.iapi.services.io.FormatIdOutputStream",201,8040
"org.apache.jackrabbit.spi.commons.conversion.ParsingNameResolver",199,4776
"sun.util.locale.LocaleObjectCache$CacheEntry",199,7960
"java.util.regex.Pattern$$Lambda$109.0x00000001001cca68",198,4752
"org.apache.derby.impl.store.access.btree.LeafControlRow",190,12160
"org.apache.jackrabbit.core.state.StateChangeDispatcher",187,4488
"javax.security.auth.Subject$SecureSet",184,4416
"org.apache.derby.iapi.sql.dictionary.ColumnDescriptor",182,16016
"com.sun.org.apache.xerces.internal.dom.AttrNSImpl",180,7200
"org.apache.derby.iapi.services.io.ArrayOutputStream",180,5760
"org.apache.derby.iapi.sql.dictionary.IndexRowGenerator",179,4296
"java.lang.invoke.BoundMethodHandle$Species_LL",171,6840
"org.apache.commons.collections4.map.LRUMap",171,10944
"org.apache.jackrabbit.spi.QValueConstraint[]",170,4160
"org.apache.lucene.index.CompoundFileReader$FileEntry",170,5440
"java.io.FileDescriptor",169,6760
"org.apache.jackrabbit.spi.commons.nodetype.constraint.StringConstraint",167,4008
"java.util.regex.Pattern$Slice",165,3960
"org.apache.tika.mime.MediaType",164,5248
"org.apache.jackrabbit.spi.commons.conversion.DefaultNamePathResolver",163,3912
"org.apache.derby.catalog.types.IndexDescriptorImpl",161,5152
"java.io.FileCleanable",159,8904
"org.apache.derby.impl.sql.GenericColumnDescriptor",158,6320
"java.util.regex.Pattern",150,13200
"org.apache.jackrabbit.spi.commons.name.PathMap",150,2400
"jdk.internal.reflect.NativeMethodAccessorImpl",149,4768
"java.nio.channels.spi.AbstractInterruptibleChannel$1",145,2320
"org.apache.jackrabbit.core.version.NodeStateEx",145,4640
"java.lang.invoke.LambdaForm$Name",144,4608
"jdk.internal.reflect.DelegatingMethodAccessorImpl",143,2288
"org.apache.derby.impl.store.access.CacheableConglomerate",143,3432
"org.apache.derby.impl.store.raw.data.AllocExtent",143,11440
"org.apache.jackrabbit.spi.commons.conversion.ParsingPathResolver",143,3432
"java.util.Collections$SynchronizedCollection",141,3384
"java.util.WeakHashMap$Entry[]",137,11024
"org.apache.tika.mime.MimeType",135,7560
"sun.nio.ch.FileDispatcherImpl",134,2144
"org.apache.derby.impl.store.raw.data.RAFContainer4",133,27664
"java.lang.Exception",132,5280
"com.sun.org.apache.xerces.internal.dom.DeferredAttrImpl",130,5200
"java.util.concurrent.atomic.AtomicReference",129,2064
"javax.jcr.security.Privilege[]",129,5560
"org.apache.derby.impl.io.DirRandomAccessFile",127,5080
"java.util.WeakHashMap",126,6048
"org.apache.derby.impl.store.raw.data.AllocExtent[]",125,3000
"org.apache.jackrabbit.core.CachingHierarchyManager$CacheStatistics",125,4000
"org.apache.jackrabbit.core.cache.ConcurrentCache",125,6000
"org.apache.derby.impl.io.DirFile",124,4960
"org.apache.derby.impl.store.raw.data.AllocPage",123,30504
"java.util.regex.Pattern$BnM",122,3904
"org.apache.derby.impl.services.monitor.ProtocolKey",120,2880
"java.lang.reflect.Method",117,10296
"org.apache.jackrabbit.core.state.ItemStateReferenceCache",117,2808
"sun.nio.ch.FileChannelImpl",115,8280
"org.apache.derby.iapi.services.context.ContextManager$CtxStack",113,2712
"org.apache.jackrabbit.core.CachingHierarchyManager",113,7232
"org.apache.lucene.index.CompoundFileReader$CSIndexInput",113,7232
"java.util.IdentityHashMap",112,4480
"org.apache.derby.impl.store.raw.data.AllocationCache",112,4480
"org.apache.jackrabbit.spi.commons.privilege.PrivilegeDefinitionImpl",109,2616
"sun.nio.ch.NativeThreadSet",109,2616
"org.apache.jackrabbit.core.security.authorization.PrivilegeManagerImpl$PrivilegeImpl",107,3424
"org.apache.jackrabbit.core.state.NameSet",107,2568
"java.util.Collections$UnmodifiableRandomAccessList",106,2544
"java.lang.Integer",105,1680
"java.lang.StringBuilder",104,2496
"org.apache.lucene.index.Term",102,2448
"org.apache.jackrabbit.core.state.MLRUItemStateCache",101,2424
"org.apache.jackrabbit.spi.commons.conversion.CachingNameResolver",101,2424
"org.apache.tika.mime.MagicMatch",101,4040
"sun.util.locale.BaseLocale",100,3200
"com.sun.org.apache.xerces.internal.dom.DeferredTextImpl",99,3960
"sun.util.locale.BaseLocale$Key",99,3168
"org.apache.tika.detect.MagicDetector",98,4704
"org.apache.jackrabbit.core.state.ChangeLog",97,3880
"org.apache.jackrabbit.core.state.managers.XAItemStateManager",97,5432
"org.apache.jackrabbit.core.version.VersioningLock",97,1552
"org.apache.jackrabbit.spi.commons.conversion.CachingPathResolver",97,2328
"org.apache.derby.impl.services.monitor.ModuleInstance",94,3008
"org.apache.derby.impl.store.access.heap.Heap",93,2976
"org.apache.lucene.util.UnicodeUtil$UTF16Result",91,2184
"org.apache.derby.impl.sql.catalog.IndexInfoImpl",90,2880
"int[][]",88,6200
"org.apache.derby.impl.store.access.btree.index.B2I",86,4816
"java.util.Hashtable$Entry[]",84,6624
"org.apache.derby.iapi.sql.dictionary.ConglomerateDescriptor",84,4704
"org.apache.tika.mime.Magic",84,2688
"EDU.oswego.cs.dl.util.concurrent.WriterPreferenceReadWriteLock$WriterLock",83,1992
"com.sun.org.apache.xerces.internal.xni.XMLString",82,1968
"java.lang.ThreadLocal",82,1312
"org.apache.derby.impl.sql.compile.Token",81,4536
"org.apache.jackrabbit.core.query.lucene.DocId$UUIDDocId",81,1944
"org.apache.jackrabbit.spi.commons.nodetype.constraint.ReferenceConstraint",81,1944
"EDU.oswego.cs.dl.util.concurrent.WriterPreferenceReadWriteLock$ReaderLock",80,1920
"ch.qos.logback.classic.Logger",78,3744
"java.lang.ref.Finalizer",77,3080
"java.util.Collections$SingletonList",77,1848
"java.util.concurrent.atomic.AtomicBoolean",77,1232
"java.util.Hashtable",76,3648
"org.apache.derby.impl.store.raw.log.LogCounter",75,2400
"java.util.regex.Pattern$$Lambda$80.0x0000000100131580",74,1184
"javax.management.ObjectName$Property",74,1776
"org.apache.jackrabbit.core.value.InternalValueFactory",74,1184
"org.apache.jackrabbit.core.nodetype.NodeTypeManagerImpl",73,2336
"org.apache.jackrabbit.core.util.XAReentrantWriterPreferenceReadWriteLock",72,4608
"org.apache.jackrabbit.jcr2spi.hierarchy.UniqueIdResolver",70,1680
"org.apache.jackrabbit.jcr2spi.nodetype.NodeTypeCache$1",70,1680
"java.util.WeakHashMap$Entry",68,2720
"org.apache.jackrabbit.core.version.InternalXAVersionManager$1",68,1088
"com.sun.org.apache.xerces.internal.dom.AttributeMap",67,1608
"java.lang.invoke.BoundMethodHandle$Species_LJ",67,2680
"com.sun.org.apache.xerces.internal.util.XMLAttributesImpl$Attribute",66,3168
"java.util.concurrent.Semaphore$NonfairSync",66,2112
"org.apache.jackrabbit.core.WorkspaceImpl",66,3696
"org.apache.jackrabbit.jcr2spi.nodetype.ItemDefinitionProviderImpl",66,2112
"org.apache.jackrabbit.jcr2spi.state.SessionItemStateManager",66,2112
"javax.security.auth.Subject",65,2080
"org.apache.lucene.util.UnicodeUtil$UTF8Result",65,1560
"java.security.CodeSource",64,2560
"java.util.ResourceBundle$KeyElementReference",64,2048
"org.apache.jackrabbit.core.lock.XALockManager",63,1512
"java.lang.invoke.DirectMethodHandle",61,1952
"java.util.Vector",61,1952
"org.apache.jackrabbit.core.XASessionImpl",61,5368
"org.apache.jackrabbit.jcr2spi.SessionImpl$IdResolver",61,976
"org.apache.jackrabbit.jcr2spi.WorkspaceManager",61,5368
"org.apache.jackrabbit.jcr2spi.nodetype.NodeTypeRegistryImpl$NodeTypeDefinitionMap",61,1464
"org.apache.jackrabbit.jcr2spi.state.TransientISFactory",61,1464
"org.apache.lucene.util.CloseableThreadLocal",61,1464
"com.sun.org.apache.xerces.internal.util.SymbolTable$Entry",60,1440
"java.lang.reflect.Constructor",60,4320
"org.apache.jackrabbit.core.observation.ObservationManagerImpl",60,1920
"org.apache.derby.iapi.sql.dictionary.SchemaDescriptor",59,2360
"org.apache.jackrabbit.core.ItemManager$ShareableNodesCache",59,944
"jdk.internal.reflect.DelegatingConstructorAccessorImpl",58,928
"EDU.oswego.cs.dl.util.concurrent.ConcurrentReaderHashMap$Entry",57,1824
"org.apache.jackrabbit.core.state.ChildNodeEntries",57,1368
"org.apache.jackrabbit.core.state.managers.SessionItemStateManager",57,2280
"org.apache.jackrabbit.core.security.authorization.AbstractAccessControlProvider$1",56,896
"org.apache.jackrabbit.core.session.SessionContext$PermissionAwareNamespaceRegistry",56,1344
"java.security.Principal[]",55,880
"java.security.ProtectionDomain",55,2200
"org.apache.jackrabbit.core.session.SessionState",55,2640
"com.sun.org.apache.xerces.internal.util.AugmentationsImpl$SmallContainer",54,1728
"org.apache.jackrabbit.core.security.DefaultAccessManager",54,2592
"java.security.ProtectionDomain$Key",53,848
"org.apache.derby.impl.sql.GenericStatement",53,1696
"org.apache.jackrabbit.jcr2spi.ItemCacheImpl",53,848
"org.apache.jackrabbit.jcr2spi.ItemManagerImpl",53,1272
"org.apache.jackrabbit.jcr2spi.NamespaceRegistryImpl",53,848
"org.apache.jackrabbit.jcr2spi.WorkspaceImpl",53,2544
"org.apache.jackrabbit.jcr2spi.WorkspaceManager$1",53,848
"org.apache.jackrabbit.jcr2spi.hierarchy.HierarchyEntryImpl$LazyInvalidation",53,1696
"org.apache.jackrabbit.jcr2spi.hierarchy.HierarchyManagerImpl",53,1696
"org.apache.jackrabbit.jcr2spi.nodetype.BitsetENTCacheImpl",53,1696
"org.apache.jackrabbit.jcr2spi.nodetype.NodeTypeManagerImpl",53,2120
"org.apache.jackrabbit.spi.commons.value.ValueFactoryQImpl",53,1272
"org.apache.jackrabbit.spi2jcr.SessionInfoImpl$1",53,1272
"java.util.Properties",52,2912
"org.apache.derby.impl.sql.catalog.IndexInfoImpl[]",52,1344
"org.apache.jackrabbit.core.version.InternalXAVersionManager",52,3328
"org.apache.jackrabbit.jcr2spi.nodetype.NodeTypeRegistryImpl",51,1632
"org.apache.jackrabbit.jcr2spi.state.WorkspaceItemStateFactory",51,1632
"org.apache.jackrabbit.spi2jcr.SessionInfoImpl",51,1632
"jdk.internal.reflect.NativeConstructorAccessorImpl",50,1600
"org.apache.derby.impl.sql.GenericResultDescription",50,1600
"org.apache.jackrabbit.core.value.ValueFactoryImpl",50,1200
"org.apache.derby.impl.sql.GenericPreparedStatement",49,7840
"org.apache.jackrabbit.jcr2spi.hierarchy.HierarchyEventListener",49,1176
"java.lang.invoke.MethodType",48,1920
"org.apache.derby.impl.sql.catalog.TabInfoImpl",48,1920
"org.apache.jackrabbit.core.session.SessionContext",48,3072
"com.sun.org.apache.xerces.internal.dom.DeferredElementImpl",47,2632
"org.apache.derby.impl.services.reflect.ReflectGeneratedClass",47,1128
"org.apache.jackrabbit.core.ItemValidator",47,1128
"org.apache.jackrabbit.core.security.authorization.PrivilegeManagerImpl",47,1128
"org.apache.jackrabbit.core.version.InternalXAVersionManager$2",47,752
"java.util.concurrent.Semaphore",46,736
"org.apache.derby.impl.sql.GenericPreparedStatement$RowCountStatistics",46,1104
"org.apache.jackrabbit.core.query.lucene.IndexMerger$IndexBucket",46,2208
"org.apache.jackrabbit.data.core.InternalXAResource[]",46,1840
"org.apache.jackrabbit.jcr2spi.SessionImpl",46,2944
"org.apache.jackrabbit.jcr2spi.hierarchy.EntryFactory",46,1840
"org.apache.jackrabbit.jcr2spi.nodetype.DefinitionValidator",46,1104
"org.apache.jackrabbit.jcr2spi.state.ItemStateValidator",46,1104
"org.apache.jackrabbit.jcr2spi.state.TransientItemStateManager",46,1472
"org.apache.jackrabbit.spi.commons.ItemInfoCacheImpl",46,1104
"java.lang.invoke.BoundMethodHandle$Species_LLLLLLL",45,2520
"java.lang.invoke.MethodType$ConcurrentWeakInternSet$WeakEntry",45,1440
"javax.jcr.SimpleCredentials",45,1080
"jdk.internal.loader.NativeLibraries",45,1440
"org.apache.derby.impl.services.reflect.ReflectMethod",45,720
"org.apache.jackrabbit.core.ItemManager",45,1800
"org.apache.jackrabbit.jcr2spi.version.VersionManagerImpl",45,720
"com.sun.org.apache.xerces.internal.util.XMLStringBuffer",44,1056
"java.lang.Double",44,1056
"java.lang.Module",44,2464
"org.apache.derby.catalog.UUID[]",44,1184
"org.apache.derby.iapi.services.loader.ClassInfo",44,1056
"org.apache.derby.impl.sql.depend.BasicDependency",44,1056
"org.apache.lucene.index.TermBuffer",44,1408
"java.lang.NamedPackage",43,1032
"java.util.concurrent.ConcurrentHashMap$EntrySetView",43,688
"org.apache.derby.impl.services.cache.ConcurrentCache",43,2408
"org.apache.jackrabbit.core.state.managers.SessionItemStateManager$AtticItemStateManager",43,688
"org.apache.jackrabbit.spi.commons.nodetype.constraint.NumericConstraint",43,1376
"java.util.ResourceBundle$CacheKey",42,3024
"org.apache.derby.impl.services.cache.ClockPolicy",42,1680
"java.lang.Class$AnnotationData",41,984
"java.lang.Class$ReflectionData",41,2624
"java.lang.invoke.MethodHandleImpl$AsVarargsCollector",41,1640
"org.apache.derby.impl.services.reflect.ReflectLoaderJava2",41,3608
"org.apache.jackrabbit.jcr2spi.lock.LockManagerImpl",41,1312
"com.sun.org.apache.xerces.internal.util.AugmentationsImpl",40,640
"java.lang.reflect.Method[]",40,2288
"org.apache.commons.pool.impl.CursorableLinkedList$Listable",39,936
"java.lang.Character$UnicodeBlock",36,576
"java.util.concurrent.locks.AbstractQueuedSynchronizer$ConditionObject",36,864
"javax.management.ImmutableDescriptor",35,840
"junit.framework.TestSuite",35,840
"org.apache.derby.iapi.sql.dictionary.TableDescriptor",35,2800
"org.apache.derby.impl.store.access.heap.HeapRowLocation",35,1120
"java.util.HashMap$TreeNode",34,1904
"javax.jcr.Value[]",34,1024
"javax.management.ObjectName$Property[]",34,1032
"org.apache.derby.impl.sql.conn.CachedStatement",34,816
"org.apache.derby.impl.sql.GenericColumnDescriptor[]",33,1144
"java.lang.Package",32,1024
"java.lang.invoke.LambdaForm$NamedFunction",31,744
"java.util.Collections$UnmodifiableSet",31,496
"org.apache.derby.catalog.types.ReferencedColumnsDescriptorImpl",31,744
"java.util.ArrayList$Itr",30,960
"org.apache.derby.iapi.sql.dictionary.TriggerDescriptorList",30,960
"org.apache.jackrabbit.core.virtual.VirtualNodeState",30,2160
"org.apache.derby.impl.sql.catalog.NameTDCacheable",29,696
"org.apache.tika.parser.EmptyParser",29,464
"java.io.File",28,896
"java.util.LinkedHashMap$LinkedEntrySet",28,448
"javax.management.MBeanAttributeInfo[]",28,1192
"org.apache.derby.iapi.sql.dictionary.ColumnDescriptorList",28,672
"org.apache.derby.iapi.sql.execute.ExecRowBuilder",28,896
"org.apache.jackrabbit.core.VersionManagerImpl",28,1344
"org.apache.lucene.index.TermInfo",28,1120
"org.apache.derby.catalog.TypeDescriptor[]",27,648
"org.apache.derby.iapi.sql.dictionary.ConglomerateDescriptorList",27,648
"java.io.PrintWriter",26,1040
"java.lang.Byte",26,416
"java.lang.Short",26,416
"org.apache.derby.impl.sql.catalog.TableKey",26,624
"java.lang.ThreadLocal$ThreadLocalMap$Entry",25,800
"java.util.regex.Pattern$Start",25,600
"org.apache.derby.impl.sql.catalog.OIDTDCacheable",25,600
"org.apache.lucene.index.TermInfosReader$CloneableTerm",25,400
"short[]",25,608
"java.util.Collections$UnmodifiableCollection",24,384
"java.util.MissingResourceException",24,1152
"org.apache.derby.impl.store.access.StorableFormatId",24,384
"org.apache.derby.impl.store.access.btree.index.B2IStaticCompiledInfo",24,576
"org.apache.derby.impl.store.raw.xact.XactId",24,576
"org.apache.jackrabbit.jcr2spi.NodeImpl",24,576
"org.apache.lucene.index.TermInfosReader$TermInfoAndOrd",24,1152
"java.util.Stack",23,736
"org.apache.derby.iapi.sql.dictionary.ConstraintDescriptorList",23,736
"org.apache.derby.iapi.store.raw.LockingPolicy[]",23,920
"org.apache.lucene.index.SegmentInfos",23,1656
"java.lang.ref.SoftReference[]",22,2376
"javax.management.ObjectName",22,704
"org.apache.commons.pool.impl.CursorableLinkedList$ListIter",22,704
"org.apache.derby.impl.store.access.conglomerate.OpenConglomerateScratchSpace",22,880
"java.util.ArrayDeque",21,504
"javax.management.MBeanOperationInfo[]",21,480
"org.apache.derby.catalog.types.RoutineAliasInfo",21,1176
"org.apache.derby.iapi.sql.dictionary.AliasDescriptor",21,1176
"org.apache.derby.impl.services.bytecode.VMTypeIdCacheable",21,504
"org.apache.jackrabbit.core.observation.EventFilter",21,840
"org.apache.lucene.index.SegmentReader[]",21,456
"com.sun.jmx.mbeanserver.StandardMBeanSupport",20,480
"java.time.LocalDateTime",20,480
"org.apache.derby.shared.common.error.ErrorStringBuilder",20,480
"org.apache.jackrabbit.jcr2spi.JcrVersionManager",20,640
"org.apache.lucene.index.FieldsReader",20,1280
"java.lang.reflect.Constructor[]",19,448
"java.util.ImmutableCollections$List12",19,456
"org.apache.derby.iapi.services.context.ContextManager",19,1216
"org.apache.derby.impl.services.cache.ConcurrentCacheMBeanImpl",19,304
"org.apache.derby.impl.sql.GenericParameter",19,912
"org.apache.derby.impl.sql.conn.GenericLanguageConnectionContext",19,4560
"org.apache.derby.impl.sql.execute.IndexRow",19,456
"org.apache.jackrabbit.core.query.lucene.CommittableIndexReader",19,912
"org.apache.jackrabbit.core.query.lucene.IndexInfo",19,456
"org.apache.lucene.index.SegmentInfo",19,1824
"java.lang.invoke.BoundMethodHandle$Species_LLLLL",18,864
"java.lang.invoke.LambdaForm",18,864
"org.apache.commons.pool.impl.CursorableLinkedList",18,576
"org.apache.derby.impl.sql.catalog.DD_Version",18,432
"org.apache.jackrabbit.core.observation.EventConsumer",18,720
"org.apache.lucene.util.PagedBytes",18,864
"com.sun.jmx.mbeanserver.MXBeanMapping[]",17,392
"java.util.concurrent.ConcurrentHashMap$ValuesView",17,272
"java.util.regex.Pattern$BmpCharProperty",17,408
"org.apache.derby.impl.services.bytecode.Type",17,544
"org.apache.derby.impl.sql.GenericParameter[]",17,424
"org.apache.derby.impl.store.access.btree.BranchControlRow",17,1224
"org.apache.lucene.index.Term[]",17,632
"java.lang.invoke.LambdaForm$Name[]",16,1096
"org.apache.commons.pool.impl.GenericKeyedObjectPool$ObjectTimestampPair",16,384
"org.apache.lucene.index.CompoundFileReader",16,640
"org.apache.lucene.index.TermVectorsReader",16,768
"org.apache.lucene.store.SimpleFSDirectory$SimpleFSIndexInput$Descriptor",16,768
"org.apache.tika.mime.Clause[]",16,384
"com.sun.jmx.mbeanserver.NamedObject",15,360
"com.sun.org.apache.xerces.internal.dom.DeferredCommentImpl",15,600
"java.text.FieldPosition",15,480
"java.util.ResourceBundle$BundleReference",15,600
"java.util.concurrent.locks.AbstractQueuedSynchronizer$ConditionNode",15,480
"org.apache.derby.impl.sql.execute.ValueRow",15,360
"org.apache.jackrabbit.jcr2spi.JcrLockManager",15,360
"org.apache.jackrabbit.spi.commons.identifier.AbstractIdFactory$NodeIdImpl",15,360
"org.apache.lucene.index.SegmentCoreReaders",15,1200
"char[][]",14,336
"java.lang.invoke.BoundMethodHandle$Species_L",14,448
"java.net.URL",14,896
"java.util.Arrays$ArrayList",14,336
"java.util.TreeMap$EntrySet",14,224
"java.util.concurrent.Executors$RunnableAdapter",14,336
"javax.management.MBeanInfo",14,672
"org.apache.derby.iapi.types.TypeId",14,784
"org.apache.derby.impl.sql.conn.SQLSessionContextImpl",14,448
"org.apache.derby.impl.store.raw.log.LogAccessFileBuffer",14,672
"org.apache.lucene.analysis.LimitTokenCountAnalyzer",14,336
"org.apache.lucene.index.DirectoryReader",14,1232
"org.apache.lucene.index.SegmentTermEnum",14,1232
"org.apache.lucene.store.NativeFSLockFactory",14,336
"com.sun.jmx.mbeanserver.ConvertingMethod",13,416
"com.sun.org.apache.xerces.internal.impl.dtd.XMLNSDTDValidator",13,2288
"com.sun.org.apache.xerces.internal.impl.validation.ValidationManager",13,312
"com.sun.org.apache.xerces.internal.parsers.XIncludeAwareParserConfiguration",13,2496
"java.io.ObjectStreamField",13,520
"java.text.MessageFormat",13,520
"java.util.WeakHashMap$KeySet",13,208
"jdk.internal.module.ServicesCatalog$ServiceProvider",13,312
"jdk.internal.ref.CleanerImpl$PhantomCleanableRef",13,624
"org.apache.derby.iapi.sql.conn.StatementContext[]",13,312
"org.apache.derby.iapi.types.DataTypeDescriptor[]",13,352
"org.apache.derby.impl.io.DirStorageFactory",13,520
"org.apache.derby.impl.services.locks.LockSpace",13,624
"org.apache.derby.impl.sql.execute.GenericExecutionContext",13,312
"org.apache.derby.impl.sql.execute.IndexColumnOrder",13,312
"org.apache.derby.impl.store.raw.log.LogRecord",13,416
"org.apache.derby.impl.store.raw.xact.Xact",13,1560
"org.apache.derby.shared.common.error.StandardException",13,832
"org.apache.jackrabbit.core.query.lucene.PersistentIndex",13,1040
"org.apache.jackrabbit.core.query.lucene.TermDocsCache$1",13,832
"org.apache.jackrabbit.spi2jcr.LockInfoImpl",13,520
"sun.util.calendar.ZoneInfo",13,728
"com.sun.org.apache.xerces.internal.impl.XMLEntityScanner",12,864
"java.io.StringWriter",12,288
"java.lang.Package$VersionInfo",12,480
"java.lang.String[][]",12,376
"javax.management.MBeanParameterInfo[]",12,288
"jdk.internal.reflect.DelegatingClassLoader",12,960
"jdk.xml.internal.JdkProperty$State[]",12,672
"org.apache.derby.iapi.types.JSQLType",12,288
"org.apache.derby.impl.services.cache.BackgroundCleaner",12,480
"org.apache.derby.impl.services.daemon.ServiceRecord",12,288
"org.apache.derby.impl.sql.conn.GenericAuthorizer",12,288
"org.apache.derby.impl.store.raw.log.CheckpointOperation",12,384
"org.apache.derby.impl.store.raw.xact.ContainerLocking2",12,192
"org.apache.derby.impl.store.raw.xact.NoLocking",12,192
"org.apache.jackrabbit.core.SearchManager",12,384
"org.apache.jackrabbit.core.nodetype.EffectiveNodeType",12,480
"org.apache.jackrabbit.core.query.lucene.CachingIndexReader$CacheInitializer",12,288
"org.apache.jackrabbit.core.security.authorization.acl.Entry",12,480
"org.apache.jackrabbit.core.util.XAReentrantLock",12,384
"org.apache.jackrabbit.core.value.BLOBInMemory",12,192
"org.apache.lucene.index.SegmentReader$FieldsReaderLocal",12,384
"org.apache.lucene.index.TermInfosReaderIndex",12,480
"org.apache.lucene.store.SimpleFSDirectory",12,384
"org.apache.lucene.util.packed.Packed64",12,480
"com.sun.org.apache.xml.internal.serializer.EncodingInfo",11,264
"java.lang.StringBuilder[]",11,352
"java.lang.Thread",11,4048
"java.lang.ThreadLocal$ThreadLocalMap",11,264
"java.lang.ThreadLocal$ThreadLocalMap$Entry[]",11,1840
"java.lang.invoke.MethodTypeForm",11,352
"java.util.regex.Pattern$GroupHead",11,264
"org.apache.derby.catalog.types.UserDefinedTypeIdImpl",11,352
"org.apache.derby.iapi.services.context.SystemContext",11,264
"org.apache.derby.impl.jdbc.EmbedConnection",11,792
"org.apache.derby.impl.jdbc.EmbedPreparedStatement42",11,1760
"org.apache.derby.impl.store.access.RAMTransactionContext",11,352
"org.apache.derby.impl.store.raw.xact.ContainerLocking3",11,176
"org.apache.jackrabbit.core.lock.SessionLockManager",11,352
"org.apache.jackrabbit.core.query.lucene.IndexInfos",11,528
"org.apache.jackrabbit.core.query.lucene.ReadOnlyIndexReader[]",11,264
"org.apache.jackrabbit.value.BooleanValue",11,264
"org.apache.lucene.index.FieldInfos",11,264
"org.apache.lucene.index.TermInfosReader$ThreadResources",11,176
"org.apache.lucene.store.SimpleFSDirectory$SimpleFSIndexInput",11,616
"org.apache.lucene.util.DoubleBarrelLRUCache",11,352
"com.sun.management.internal.DiagnosticCommandArgumentInfo",10,400
"com.sun.org.apache.xerces.internal.util.EntityResolverWrapper",10,160
"com.sun.org.apache.xerces.internal.util.ErrorHandlerWrapper",10,160
"com.sun.org.apache.xerces.internal.xni.QName[]",10,864
"java.lang.RuntimePermission",10,240
"java.math.BigInteger",10,400
"java.time.LocalDate",10,240
"java.util.concurrent.locks.ReentrantReadWriteLock$Sync$ThreadLocalHoldCounter",10,160
"javax.management.MBeanAttributeInfo",10,320
"org.apache.derby.iapi.services.io.DynamicByteArrayOutputStream",10,320
"org.apache.derby.iapi.sql.dictionary.SPSDescriptor",10,720
"org.apache.derby.impl.services.bytecode.BCMethodDescriptor",10,240
"org.apache.derby.impl.services.jmx.JMXManagementService$2",10,320
"org.apache.derby.impl.sql.catalog.SYSCONGLOMERATESRowFactory",10,640
"org.apache.derby.impl.store.raw.xact.TransactionTable",10,240
"org.apache.derby.impl.store.raw.xact.TransactionTableEntry",10,480
"org.apache.jackrabbit.core.query.lucene.ReadOnlyIndexReader",10,480
"org.apache.jackrabbit.core.query.lucene.TermDocsCache",10,320
"org.apache.jackrabbit.core.security.authorization.GlobPattern$PathPattern",10,240
"org.apache.jackrabbit.core.state.managers.LocalItemStateManager",10,400
"org.apache.jackrabbit.jcr2spi.security.authorization.jackrabbit.acl.AccessControlProviderImpl",10,240
"org.apache.tika.mime.AndClause",10,160
"com.sun.org.apache.xerces.internal.util.XMLResourceIdentifierImpl",9,288
"java.io.OutputStreamWriter",9,216
"java.lang.Object[][]",9,1296
"java.util.Collections$SynchronizedList",9,216
"java.util.TreeMap$Values",9,144
"java.util.concurrent.ArrayBlockingQueue",9,432
"java.util.concurrent.ScheduledThreadPoolExecutor$ScheduledFutureTask",9,648
"javax.management.MBeanParameterInfo",9,288
"org.apache.commons.pool.impl.GenericKeyedObjectPool$ObjectQueue",9,288
"org.apache.derby.impl.db.BasicDatabase",9,648
"org.apache.derby.impl.sql.LanguageDbPropertySetter",9,144
"org.apache.derby.impl.sql.catalog.TabInfoImpl[]",9,672
"org.apache.derby.impl.sql.compile.SQLParser$JJCalls[]",9,3528
"org.apache.derby.impl.sql.execute.IndexRowToBaseRowResultSet",9,2016
"org.apache.derby.impl.sql.execute.ProjectRestrictResultSet",9,2016
"org.apache.jackrabbit.core.nodetype.BitSetENTCacheImpl$BitSetKey",9,288
"org.apache.jackrabbit.core.query.lucene.CachingIndexReader",9,648
"org.apache.jackrabbit.core.query.lucene.DefaultRedoLog$1",9,144
"org.apache.jackrabbit.core.query.lucene.DynamicPooledExecutor",9,144
"org.apache.jackrabbit.core.query.lucene.IndexMerger$Index",9,216
"org.apache.jackrabbit.core.query.lucene.SharedIndexReader",9,360
"org.apache.jackrabbit.core.query.lucene.directory.FSDirectoryManager$IndexInputLogWrapper",9,216
"org.apache.jackrabbit.core.security.authorization.acl.EntryCollector$MoveListener",9,144
"org.apache.jackrabbit.jcr2spi.lock.LockManagerImpl$LockState",9,360
"org.apache.jackrabbit.jcr2spi.security.authorization.jackrabbit.acl.AccessControlManagerImpl",9,360
"org.apache.jackrabbit.spi.commons.nodetype.constraint.DateConstraint",9,288
"org.apache.lucene.util.PagedBytes$PagedBytesDataInput",9,288
"java.util.Collections$UnmodifiableSortedMap",8,256
"java.util.HashMap$KeyIterator",8,320
"java.util.HashMap$ValueIterator",8,320
"java.util.Locale",8,256
"java.util.concurrent.LinkedBlockingQueue$Node",8,192
"java.util.concurrent.locks.ReentrantReadWriteLock",8,192
"jdk.internal.reflect.BootstrapConstructorAccessorImpl",8,128
"org.apache.derby.iapi.types.SQLBlob",8,256
"org.apache.derby.impl.db.DatabaseContextImpl",8,192
"org.apache.derby.impl.db.StoreClassFactoryContext",8,256
"org.apache.derby.impl.sql.catalog.SYSSTATISTICSRowFactory",8,512
"org.apache.jackrabbit.core.cache.GrowingLRUMap",8,576
"org.apache.jackrabbit.core.config.SimpleBeanFactory",8,128
"org.apache.jackrabbit.core.fs.FileSystemResource",8,192
"org.apache.jackrabbit.core.fs.local.LocalFileSystem",8,192
"org.apache.jackrabbit.core.persistence.util.BundleBinding",8,320
"org.apache.jackrabbit.core.query.lucene.TermDocsCache$CacheEntry",8,192
"org.apache.jackrabbit.test.api.PropertyReadMethodsTest",8,1792
"org.apache.jackrabbit.test.api.TreeComparator",8,448
"org.apache.jackrabbit.test.api.version.VersionHistoryTest",8,1984
"org.apache.jackrabbit.test.api.version.simple.RestoreTest",8,2112
"org.apache.lucene.index.TermInfosReader",8,448
"org.apache.lucene.util.SimpleStringInterner$Entry",8,192
"java.lang.invoke.BoundMethodHandle$Species_LLLL",7,336
"java.lang.invoke.BoundMethodHandle$Species_LLLLLLLLL",7,448
"java.lang.invoke.DirectMethodHandle$Accessor",7,280
"java.lang.invoke.DirectMethodHandle$Constructor",7,280
"java.security.BasicPermissionCollection",7,168
"java.util.concurrent.ConcurrentHashMap$KeySetView",7,168
"java.util.jar.Attributes$Name",7,168
"java.util.regex.Pattern$BranchConn",7,112
"javax.management.MBeanOperationInfo",7,280
"org.apache.commons.dbcp.PoolableConnectionFactory",7,392
"org.apache.commons.pool.impl.GenericKeyedObjectPoolFactory",7,504
"org.apache.derby.iapi.sql.dictionary.ReferencedKeyConstraintDescriptor",7,504
"org.apache.derby.iapi.sql.execute.ExecRow[]",7,208
"org.apache.derby.iapi.store.raw.LockingPolicy[][]",7,224
"org.apache.derby.iapi.util.DoubleProperties",7,448
"org.apache.derby.impl.jdbc.TransactionResourceImpl",7,336
"org.apache.derby.impl.sql.GenericLanguageFactory",7,112
"org.apache.derby.impl.sql.GenericParameterValueSet",7,168
"org.apache.derby.impl.sql.catalog.SYSALIASESRowFactory",7,448
"org.apache.derby.impl.sql.catalog.SYSKEYSRowFactory",7,448
"org.apache.derby.impl.sql.compile.CompilerContextImpl",7,1232
"org.apache.derby.impl.sql.compile.OptimizerFactoryImpl",7,224
"org.apache.derby.impl.sql.compile.ParameterNode",7,504
"org.apache.derby.impl.sql.conn.GenericLanguageConnectionFactory",7,392
"org.apache.derby.impl.sql.conn.GenericStatementContext",7,560
"org.apache.derby.impl.store.access.CacheLock",7,112
"org.apache.derby.impl.store.access.PropertyConglomerate",7,280
"org.apache.derby.impl.store.access.RAMTransaction",7,504
"org.apache.derby.impl.store.access.btree.index.B2IFactory",7,112
"org.apache.derby.impl.store.access.sort.ExternalSortFactory",7,224
"org.apache.derby.impl.store.raw.log.LogToFile",7,1680
"org.apache.derby.impl.store.raw.xact.XactXAResourceManager",7,168
"org.apache.jackrabbit.core.RepositoryImpl$DescriptorValue",7,168
"org.apache.jackrabbit.core.config.ImportConfig",7,112
"org.apache.jackrabbit.core.persistence.PMContext",7,280
"org.apache.jackrabbit.core.query.QueryHandlerContext",7,336
"org.apache.jackrabbit.core.query.QueryManagerImpl",7,168
"org.apache.jackrabbit.core.query.lucene.CachingMultiIndexReader$OffsetReader",7,168
"org.apache.jackrabbit.core.query.lucene.DocNumberCache",7,280
"org.apache.jackrabbit.core.query.lucene.IndexHistory",7,224
"org.apache.jackrabbit.core.security.authorization.GlobPattern",7,168
"org.apache.jackrabbit.core.state.DefaultISMLocking",7,280
"org.apache.jackrabbit.core.state.DefaultISMLocking$2",7,112
"org.apache.jackrabbit.spi.commons.nodetype.constraint.BooleanConstraint",7,168
"org.apache.jackrabbit.test.api.version.RestoreTest",7,1848
"org.apache.jackrabbit.test.api.version.VersionTest",7,1736
"org.apache.lucene.index.ReadOnlyDirectoryReader",7,616
"org.apache.lucene.index.ReadOnlySegmentReader",7,616
"org.apache.maven.surefire.api.util.internal.ImmutableMap$Node",7,168
"org.apache.tika.mime.MimeType$RootXML",7,168
"sun.nio.cs.SingleByte$Encoder",7,448
"sun.reflect.generics.tree.SimpleClassTypeSignature",7,168
"com.sun.org.apache.xerces.internal.dom.ElementNSImpl",6,384
"com.sun.org.apache.xerces.internal.dom.NodeListCache",6,192
"com.sun.org.apache.xerces.internal.impl.dtd.XMLEntityDecl",6,240
"com.sun.org.apache.xerces.internal.impl.dtd.XMLSimpleType",6,240
"com.sun.org.apache.xerces.internal.util.XMLAttributesImpl",6,288
"com.sun.org.apache.xerces.internal.util.XMLAttributesImpl$Attribute[]",6,192
"com.sun.org.apache.xerces.internal.utils.XMLSecurityManager",6,240
"java.lang.invoke.LambdaFormEditor$Transform",6,288
"java.security.ProtectionDomain[]",6,192
"java.time.temporal.ValueRange",6,288
"java.util.Collections$UnmodifiableMap$UnmodifiableEntrySet",6,96
"java.util.GregorianCalendar",6,672
"java.util.concurrent.ConcurrentHashMap$MapEntry",6,144
"java.util.concurrent.locks.ReentrantReadWriteLock$ReadLock",6,96
"org.apache.commons.collections4.map.LRUMap[]",6,480
"org.apache.commons.dbcp.PoolingConnection",6,288
"org.apache.commons.dbcp.PoolingDataSource",6,144
"org.apache.derby.impl.jdbc.EmbedConnectionContext",6,144
"org.apache.derby.impl.jdbc.ResourceAdapterImpl",6,144
"org.apache.derby.impl.services.daemon.IndexStatisticsDaemonImpl",6,816
"org.apache.derby.impl.sql.GenericActivationHolder",6,192
"org.apache.derby.impl.sql.catalog.SYSCOLUMNSRowFactory",6,384
"org.apache.derby.impl.sql.execute.GenericExecutionFactory",6,192
"org.apache.derby.impl.sql.execute.GenericResultSetFactory",6,96
"org.apache.derby.impl.store.access.conglomerate.RowPosition",6,240
"org.apache.derby.impl.store.raw.log.LogAccessFile",6,480
"org.apache.derby.impl.store.raw.xact.RowLockingRR",6,96
"org.apache.jackrabbit.core.RepositoryImpl$WorkspaceInfo",6,480
"org.apache.jackrabbit.core.SystemSession",6,432
"org.apache.jackrabbit.core.config.RepositoryConfigurationParser",6,192
"org.apache.jackrabbit.core.config.RepositoryConfigurationParser$6",6,144
"org.apache.jackrabbit.core.lock.LockManagerImpl",6,288
"org.apache.jackrabbit.core.query.lucene.DocNumberCache$Entry",6,144
"org.apache.jackrabbit.core.query.lucene.VolatileIndex",6,432
"org.apache.jackrabbit.core.state.DefaultISMLocking$1",6,96
"org.apache.jackrabbit.core.virtual.VirtualItemStateProvider[]",6,120
"org.apache.jackrabbit.jcr2spi.lock.LockManagerImpl$LockImpl",6,192
"org.apache.jackrabbit.spi.commons.ChildInfoImpl",6,144
"org.apache.jackrabbit.spi.commons.nodetype.constraint.NameConstraint",6,144
"org.apache.jackrabbit.test.api.SerializationContext",6,912
"org.apache.jackrabbit.value.StringValue",6,144
"org.apache.lucene.store.RAMDirectory",6,192
"org.apache.lucene.store.RAMFile",6,288
"org.apache.lucene.util.WeakIdentityMap$IdentityWeakReference",6,192
"org.apache.tika.config.ServiceLoader",6,192
"org.apache.tika.detect.DefaultDetector",6,144
"org.apache.tika.parser.AutoDetectParser",6,192
"short[][]",6,248
"sun.reflect.generics.tree.ClassTypeSignature",6,96
"sun.reflect.generics.tree.TypeArgument[]",6,96
"com.sun.jmx.mbeanserver.MXBeanSupport",5,200
"com.sun.org.apache.xerces.internal.impl.XMLErrorReporter",5,200
"com.sun.org.apache.xerces.internal.impl.dtd.XMLAttributeDecl",5,120
"com.sun.org.apache.xerces.internal.impl.msg.XMLMessageFormatter",5,120
"com.sun.org.apache.xerces.internal.util.XMLAttributesIteratorImpl",5,280
"java.lang.invoke.MethodHandleNatives$CallSiteContext",5,160
"java.math.BigDecimal",5,200
"java.util.PropertyPermission",5,160
"java.util.regex.Pattern$BmpCharPropertyGreedy",5,120
"java.util.regex.Pattern$Branch",5,160
"java.util.regex.Pattern$Node[]",5,144
"java.util.zip.ZipFile$CleanableResource",5,160
"java.util.zip.ZipFile$Source",5,400
"javax.management.openmbean.OpenMBeanAttributeInfoSupport",5,320
"org.apache.commons.dbcp.DriverConnectionFactory",5,120
"org.apache.commons.dbcp.PoolablePreparedStatement",5,280
"org.apache.commons.dbcp.PoolingConnection$PStmtKey",5,160
"org.apache.commons.pool.impl.GenericObjectPool",5,480
"org.apache.derby.iapi.services.loader.ClassInspector",5,80
"org.apache.derby.iapi.services.property.PropertyValidation",5,80
"org.apache.derby.iapi.sql.dictionary.AliasDescriptor[]",5,560
"org.apache.derby.iapi.store.access.conglomerate.ConglomerateFactory[]",5,120
"org.apache.derby.iapi.util.ByteArray",5,120
"org.apache.derby.impl.jdbc.EmbedResultSet42",5,640
"org.apache.derby.impl.jdbc.EmbedResultSetMetaData",5,80
"org.apache.derby.impl.services.daemon.BasicDaemon",5,320
"org.apache.derby.impl.services.locks.ConcurrentLockSet",5,200
"org.apache.derby.impl.services.locks.ConcurrentPool",5,120
"org.apache.derby.impl.services.monitor.UpdateServiceProperties",5,360
"org.apache.derby.impl.services.reflect.JarLoader[]",5,80
"org.apache.derby.impl.services.reflect.ReflectClassesJava2",5,160
"org.apache.derby.impl.sql.catalog.SYSSTATEMENTSRowFactory",5,320
"org.apache.derby.impl.sql.compile.NestedLoopJoinStrategy",5,80
"org.apache.derby.impl.sql.compile.SQLParser",5,640
"org.apache.derby.impl.sql.execute.TableScanResultSet",5,1520
"org.apache.derby.impl.store.raw.data.LoggableAllocActions",5,80
"org.apache.derby.impl.store.raw.xact.RowLocking1",5,80
"org.apache.derby.impl.store.raw.xact.RowLocking2",5,80
"org.apache.derby.impl.store.raw.xact.XactFactory",5,400
"org.apache.jackrabbit.core.lock.LockManagerImpl$TimeoutHandlerVisitor",5,80
"org.apache.jackrabbit.core.nodetype.NodeTypeImpl[]",5,160
"org.apache.jackrabbit.core.query.lucene.DefaultRedoLog",5,160
"org.apache.jackrabbit.core.query.lucene.IndexDeletionPolicyImpl",5,120
"org.apache.jackrabbit.core.query.lucene.IndexingQueue",5,120
"org.apache.jackrabbit.core.query.lucene.SearchIndex",5,1080
"org.apache.jackrabbit.core.query.lucene.directory.FSDirectoryManager$FSDir",5,120
"org.apache.jackrabbit.core.security.authorization.acl.CachingEntryCollector$EntryCache",5,160
"org.apache.jackrabbit.core.security.authorization.acl.EntryCollector$Entries",5,120
"org.apache.jackrabbit.test.api.SetValueStringTest",5,1240
"org.apache.jackrabbit.test.api.query.qom.QueryObjectModelFactoryTest",5,1320
"org.apache.lucene.index.SegmentReader",5,440
"sun.nio.fs.WindowsFileAttributes",5,320
"EDU.oswego.cs.dl.util.concurrent.Mutex",4,64
"EDU.oswego.cs.dl.util.concurrent.ReentrantWriterPreferenceReadWriteLock",4,256
"com.jprofiler.agent.util.a.b.r",4,160
"com.sun.org.apache.xerces.internal.dom.DeferredDocumentImpl",4,736
"com.sun.org.apache.xerces.internal.impl.XMLDocumentFragmentScannerImpl$ElementStack",4,192
"com.sun.org.apache.xerces.internal.impl.XMLVersionDetector",4,160
"com.sun.org.apache.xerces.internal.jaxp.DocumentBuilderFactoryImpl",4,160
"com.sun.org.apache.xerces.internal.jaxp.SAXParserImpl",4,224
"com.sun.org.apache.xerces.internal.util.SymbolTable",4,160
"com.sun.org.apache.xerces.internal.util.SymbolTable$Entry[]",4,1696
"com.sun.org.apache.xerces.internal.utils.XMLSecurityPropertyManager$State[]",4,96
"java.io.BufferedWriter",4,160
"java.io.RandomAccessFile",4,128
"java.io.StringReader",4,160
"java.math.BigInteger[]",4,168
"java.net.URI",4,320
"java.sql.SQLNonTransientConnectionException",4,192
"java.util.Collections$SingletonSet",4,64
"java.util.concurrent.locks.ReentrantReadWriteLock$WriteLock",4,64
"java.util.jar.JarFile",4,224
"java.util.regex.Pattern$GroupTail",4,96
"javax.management.MBeanConstructorInfo[]",4,72
"org.apache.commons.dbcp.PoolableConnection",4,192
"org.apache.derby.iapi.security.Securable",4,128
"org.apache.derby.iapi.services.io.FormatableArrayHolder",4,64
"org.apache.derby.iapi.services.locks.ShExLockable",4,64
"org.apache.derby.iapi.sql.dictionary.DataDescriptorGenerator",4,96
"org.apache.derby.impl.jdbc.authentication.NoneAuthenticationServiceImpl",4,96
"org.apache.derby.impl.services.reflect.ClassLoaderLock",4,64
"org.apache.derby.impl.sql.catalog.SYSCONSTRAINTSRowFactory",4,256
"org.apache.derby.impl.sql.compile.ParserImpl",4,128
"org.apache.derby.impl.sql.compile.SQLParser$LookaheadSuccess",4,160
"org.apache.derby.impl.store.access.heap.HeapConglomerateFactory",4,64
"org.apache.derby.impl.store.raw.data.BaseDataFileFactoryJ4",4,640
"org.apache.derby.impl.store.raw.data.LoggableActions",4,64
"org.apache.derby.impl.store.raw.data.RFResource",4,64
"org.apache.derby.impl.store.raw.log.FileLogger",4,160
"org.apache.derby.impl.store.raw.xact.EndXact",4,96
"org.apache.derby.impl.store.raw.xact.RowLocking2nohold",4,64
"org.apache.derby.impl.store.raw.xact.RowLocking3",4,64
"org.apache.derby.impl.store.raw.xact.XactContext",4,128
"org.apache.jackrabbit.core.config.PersistenceManagerConfig",4,160
"org.apache.jackrabbit.core.config.RepositoryConfigurationParser$1",4,96
"org.apache.jackrabbit.core.persistence.pool.BundleDbPersistenceManager$DbBlobStore",4,160
"org.apache.jackrabbit.core.persistence.pool.DbNameIndex",4,160
"org.apache.jackrabbit.core.persistence.pool.DerbyPersistenceManager",4,896
"org.apache.jackrabbit.core.query.lucene.DefaultRedoLogFactory",4,64
"org.apache.jackrabbit.core.query.lucene.ForeignSegmentDocId",4,96
"org.apache.jackrabbit.core.query.lucene.MultiIndex$1",4,64
"org.apache.jackrabbit.core.query.lucene.SharedFieldCache$Key",4,96
"org.apache.jackrabbit.core.query.lucene.SharedFieldCache$ValueIndex",4,96
"org.apache.jackrabbit.core.security.SystemPrincipal",4,64
"org.apache.jackrabbit.core.security.authorization.acl.CachingEntryCollector",4,192
"org.apache.jackrabbit.core.security.principal.PrincipalManagerImpl",4,96
"org.apache.jackrabbit.core.util.db.DerbyConnectionHelper",4,128
"org.apache.jackrabbit.jcr2spi.lock.OpenScopedLockTest",4,928
"org.apache.jackrabbit.spi.commons.nodetype.constraint.PathConstraint",4,96
"org.apache.jackrabbit.test.api.NodeReadMethodsTest",4,896
"org.apache.jackrabbit.test.api.SerializationTest",4,960
"org.apache.jackrabbit.test.api.SetValueValueFormatExceptionTest",4,864
"org.apache.jackrabbit.test.api.ShareableNodeTest",4,864
"org.apache.jackrabbit.test.api.retention.HoldTest",4,896
"org.apache.jackrabbit.test.api.version.CheckinTest",4,960
"org.apache.jackrabbit.value.LongValue",4,96
"org.apache.maven.surefire.api.booter.ForkedProcessEventType",4,128
"org.apache.tika.parser.ParserDecorator$1",4,96
"sun.nio.cs.StreamEncoder",4,192
"sun.security.util.LazyCodeSourcePermissionCollection",4,96
"ch.qos.logback.core.joran.spi.ElementSelector",3,48
"com.sun.jmx.mbeanserver.DefaultMXBeanMappingFactory$CompositeMapping",3,144
"com.sun.jmx.mbeanserver.WeakIdentityHashMap$IdentityWeakReference",3,96
"com.sun.management.internal.DiagnosticCommandImpl$Wrapper",3,96
"com.sun.management.internal.DiagnosticCommandInfo",3,144
"com.sun.org.apache.xerces.internal.dom.DeferredDocumentImpl$RefCount",3,48
"com.sun.org.apache.xerces.internal.impl.XMLDocumentScannerImpl$XMLDeclDriver",3,48
"com.sun.org.apache.xerces.internal.impl.dtd.XMLDTDProcessor",3,288
"com.sun.org.apache.xerces.internal.impl.dtd.XMLElementDecl",3,96
"com.sun.org.apache.xerces.internal.utils.XMLSecurityPropertyManager",3,72
"java.io.ObjectStreamClass",3,360
"java.lang.StackTraceElement",3,144
"java.lang.WeakPairMap$Pair$Weak$1",3,96
"java.lang.invoke.MethodHandle[]",3,840
"java.lang.management.ManagementPermission",3,72
"java.lang.reflect.Type[]",3,64
"java.security.SecureClassLoader$CodeSourceKey",3,48
"java.text.Format[]",3,168
"java.time.Duration",3,72
"java.time.LocalTime",3,72
"java.util.Collections$SetFromMap",3,72
"java.util.concurrent.ConcurrentHashMap$TreeNode",3,144
"java.util.regex.Pattern$BitClass",3,48
"java.util.regex.Pattern$StartS",3,72
"javax.management.openmbean.OpenMBeanParameterInfoSupport",3,168
"jdk.internal.module.SystemModuleFinders$SystemModuleReader",3,72
"org.apache.commons.pool.impl.GenericKeyedObjectPool",3,312
"org.apache.derby.iapi.types.DataValueFactoryImpl",3,72
"org.apache.derby.impl.services.monitor.BaseMonitor$1",3,48
"org.apache.derby.impl.services.monitor.StorageFactoryService",3,120
"org.apache.derby.impl.services.reflect.UpdateLoader",3,168
"org.apache.derby.impl.sql.catalog.DataDictionaryImpl",3,576
"org.apache.derby.impl.sql.catalog.SPSNameCacheable",3,72
"org.apache.derby.impl.sql.catalog.SYSTABLESRowFactory",3,192
"org.apache.derby.impl.sql.compile.SQLParserTokenManager",3,216
"org.apache.derby.impl.sql.depend.BasicDependencyManager",3,72
"org.apache.derby.impl.sql.execute.ColumnInfo[]",3,88
"org.apache.derby.impl.store.access.PC_XenaVersion",3,48
"org.apache.derby.impl.store.access.RAMAccessUndoHandler",3,48
"org.apache.jackrabbit.api.stats.RepositoryStatistics$Type",3,72
"org.apache.jackrabbit.core.SystemSession$SystemAccessManager",3,48
"org.apache.jackrabbit.core.cluster.ClusterNode$WorkspaceLockChannel",3,72
"org.apache.jackrabbit.core.cluster.ClusterNode$WorkspaceUpdateChannel",3,72
"org.apache.jackrabbit.core.config.WorkspaceConfig",3,168
"org.apache.jackrabbit.core.persistence.util.ErrorHandling",3,48
"org.apache.jackrabbit.core.query.lucene.CachingMultiIndexReader",3,216
"org.apache.jackrabbit.core.query.lucene.IndexingQueueStore",3,72
"org.apache.jackrabbit.core.query.lucene.JackrabbitAnalyzer",3,72
"org.apache.jackrabbit.core.query.lucene.SharedFieldComparatorSource",3,96
"org.apache.jackrabbit.core.security.authorization.PrivilegeBits$UnmodifiableData",3,96
"org.apache.jackrabbit.core.security.authorization.PrivilegeRegistry$Definition",3,96
"org.apache.jackrabbit.jcr2spi.RemoveReferenceableNodeTest",3,696
"org.apache.jackrabbit.jcr2spi.observation.EventJournalImpl",3,144
"org.apache.jackrabbit.jcr2spi.version.LabelTest",3,768
"org.apache.jackrabbit.test.api.BooleanPropertyTest",3,672
"org.apache.jackrabbit.test.api.ExportSysViewTest",3,696
"org.apache.jackrabbit.test.api.SetPropertyNodeTest",3,696
"org.apache.jackrabbit.test.api.SetPropertyValueTest",3,744
"org.apache.jackrabbit.test.api.lock.LockManagerTest",3,696
"org.apache.jackrabbit.test.api.nodetype.PredefinedNodeTypeTest",3,672
"org.apache.jackrabbit.test.api.version.MergeNodeTest",3,744
"org.apache.lucene.store.SingleInstanceLockFactory",3,72
"org.apache.tika.mime.OrClause",3,48
"org.apache.tika.parser.Parser[]",3,72
"sun.reflect.generics.repository.MethodRepository",3,120
"sun.reflect.generics.tree.FieldTypeSignature[]",3,48
"sun.reflect.generics.tree.FormalTypeParameter[]",3,48
"EDU.oswego.cs.dl.util.concurrent.ConcurrentReaderHashMap$EntrySet",2,32
"EDU.oswego.cs.dl.util.concurrent.ConcurrentReaderHashMap$Entry[]",2,1056
"ch.qos.logback.core.util.CachingDateFormatter",2,64
"com.jprofiler.agent.util.a.a",2,48
"com.sun.jmx.mbeanserver.DefaultMXBeanMappingFactory$IdentityMapping",2,48
"com.sun.jmx.mbeanserver.PerInterface$MethodAndSig",2,48
"com.sun.org.apache.xerces.internal.impl.XMLDTDScannerImpl",2,400
"com.sun.org.apache.xerces.internal.impl.XMLDocumentFragmentScannerImpl$ElementStack2",2,80
"com.sun.org.apache.xerces.internal.impl.XMLDocumentScannerImpl$PrologDriver",2,32
"com.sun.org.apache.xerces.internal.impl.XMLNSDocumentScannerImpl",2,720
"com.sun.org.apache.xerces.internal.impl.dtd.DTDGrammarBucket",2,48
"com.sun.org.apache.xerces.internal.impl.dv.dtd.DTDDVFactoryImpl",2,32
"com.sun.org.apache.xerces.internal.impl.validation.ValidationState",2,80
"com.sun.org.apache.xerces.internal.jaxp.DocumentBuilderImpl",2,112
"com.sun.org.apache.xerces.internal.jaxp.SAXParserImpl$JAXPSAXParser",2,240
"com.sun.xml.internal.stream.XMLEntityStorage",2,80
"java.io.BufferedOutputStream",2,64
"java.io.FilePermission",2,80
"java.io.ObjectStreamField[]",2,48
"java.lang.Integer[]",2,136
"java.lang.WeakPairMap$Pair$Weak",2,80
"java.nio.ByteBuffer[]",2,160
"java.nio.DirectByteBuffer$Deallocator",2,64
"java.nio.HeapByteBuffer",2,112
"java.security.Permissions",2,48
"java.security.SecurityPermission",2,48
"java.text.NumberFormat$Field",2,32
"java.util.ImmutableCollections$ListN",2,48
"java.util.ImmutableCollections$Set12",2,48
"java.util.PropertyResourceBundle",2,80
"java.util.TimerThread",2,752
"java.util.concurrent.ThreadPoolExecutor$Worker",2,96
"java.util.concurrent.locks.AbstractQueuedSynchronizer$ExclusiveNode",2,64
"java.util.concurrent.locks.ReentrantReadWriteLock$NonfairSync",2,96
"java.util.logging.Logger$ConfigurationData",2,80
"java.util.regex.Pattern$Curly",2,64
"javax.management.MBeanNotificationInfo[]",2,48
"javax.management.StandardEmitterMBean",2,64
"javax.management.openmbean.SimpleType",2,80
"jdk.internal.loader.AbstractClassLoaderValue$Sub",2,48
"jdk.internal.loader.URLClassPath$JarLoader",2,96
"jdk.internal.logger.LazyLoggers$LazyLoggerAccessor",2,80
"org.apache.commons.dbcp.BasicDataSource",2,272
"org.apache.commons.pool.impl.GenericObjectPool$Evictor",2,80
"org.apache.derby.catalog.types.TypesImplInstanceGetter",2,32
"org.apache.derby.iapi.sql.compile.JoinStrategy[]",2,48
"org.apache.derby.iapi.sql.dictionary.IndexRowGenerator[]",2,48
"org.apache.derby.iapi.store.access.DynamicCompiledOpenConglomInfo[]",2,48
"org.apache.derby.iapi.types.DataValueDescriptor[][]",2,48
"org.apache.derby.impl.jdbc.EmbedDatabaseMetaData",2,80
"org.apache.derby.impl.sql.CursorInfo",2,48
"org.apache.derby.impl.sql.GenericStorablePreparedStatement",2,336
"org.apache.derby.impl.sql.catalog.SYSSCHEMASRowFactory",2,128
"org.apache.derby.impl.sql.execute.ColumnInfo",2,144
"org.apache.derby.impl.sql.execute.CreateTableConstantAction",2,80
"org.apache.derby.impl.sql.execute.IndexChanger[]",2,48
"org.apache.derby.impl.sql.execute.InsertResultSet",2,592
"org.apache.derby.impl.store.access.heap.HeapController",2,32
"org.apache.derby.impl.store.access.heap.OpenHeap",2,112
"org.apache.derby.impl.store.raw.RawStore",2,224
"org.apache.derby.impl.store.raw.log.ChecksumOperation",2,64
"org.apache.jackrabbit.core.config.BeanConfig",2,80
"org.apache.jackrabbit.core.config.NoOpConfigVisitor",2,32
"org.apache.jackrabbit.core.config.RepositoryConfigurationParser$2",2,48
"org.apache.jackrabbit.core.lock.LockManagerImpl$TimeoutHandler",2,48
"org.apache.jackrabbit.core.observation.ObservationDispatcher",2,112
"org.apache.jackrabbit.core.query.PropertyTypeRegistry",2,48
"org.apache.jackrabbit.core.query.QueryManagerImpl$1",2,64
"org.apache.jackrabbit.core.query.lucene.IndexMerger",2,112
"org.apache.jackrabbit.core.security.authorization.PrivilegeBits",2,32
"org.apache.jackrabbit.core.security.authorization.acl.CompiledPermissionsImpl",2,96
"org.apache.jackrabbit.core.security.principal.PrincipalProvider[]",2,48
"org.apache.jackrabbit.core.security.user.UserImpl",2,64
"org.apache.jackrabbit.core.state.managers.SharedItemStateManager",2,112
"org.apache.jackrabbit.jcr2spi.AccessByRelativePathTest",2,432
"org.apache.jackrabbit.jcr2spi.RemoveNodeTest",2,448
"org.apache.jackrabbit.jcr2spi.RemovePropertyTest",2,448
"org.apache.jackrabbit.jcr2spi.query.QueryTest",2,528
"org.apache.jackrabbit.spi.ItemInfoCache$Entry",2,48
"org.apache.jackrabbit.spi.commons.NodeInfoImpl",2,96
"org.apache.jackrabbit.spi.commons.value.DefaultQValue",2,48
"org.apache.jackrabbit.test.api.BinaryPropertyTest",2,448
"org.apache.jackrabbit.test.api.DoublePropertyTest",2,448
"org.apache.jackrabbit.test.api.lock.LockTest",2,432
"org.apache.jackrabbit.test.api.query.qom.LengthTest",2,528
"org.apache.jackrabbit.test.api.query.qom.NodeLocalNameTest",2,544
"org.apache.jackrabbit.test.api.query.qom.RowTest",2,528
"org.apache.jackrabbit.test.api.security.AccessControlPolicyTest",2,464
"org.apache.lucene.analysis.standard.ClassicFilter",2,80
"org.apache.lucene.util.WeakIdentityMap",2,48
"org.apache.maven.surefire.shared.lang3.JavaVersion",2,64
"org.apache.tika.detect.OverrideDetector",2,32
"sun.reflect.generics.tree.FormalTypeParameter",2,48
"sun.reflect.generics.tree.MethodTypeSignature",2,64
"sun.security.provider.HashDrbg",2,224
"EDU.oswego.cs.dl.util.concurrent.ConcurrentReaderHashMap$BarrierLock",1,16
"EDU.oswego.cs.dl.util.concurrent.LinkedNode",1,24
"EDU.oswego.cs.dl.util.concurrent.ThreadFactoryUser$DefaultThreadFactory",1,16
"byte[][]",1,832
"ch.qos.logback.classic.Level",1,24
"ch.qos.logback.classic.joran.action.ContextNameAction",1,24
"ch.qos.logback.classic.joran.action.RootLoggerAction",1,32
"ch.qos.logback.classic.pattern.LevelConverter",1,32
"ch.qos.logback.classic.pattern.LineOfCallerConverter",1,32
"ch.qos.logback.classic.pattern.ThreadConverter",1,32
"ch.qos.logback.classic.util.ContextSelectorStaticBinder",1,24
"ch.qos.logback.core.joran.action.ContextPropertyAction",1,24
"ch.qos.logback.core.joran.action.IncludeAction",1,32
"ch.qos.logback.core.joran.action.NOPAction",1,24
"ch.qos.logback.core.joran.action.PropertyAction",1,24
"ch.qos.logback.core.joran.action.TimestampAction",1,32
"ch.qos.logback.core.joran.event.EndEvent",1,32
"ch.qos.logback.core.joran.spi.DefaultNestedComponentRegistry",1,16
"ch.qos.logback.core.joran.spi.HostClassAndPropertyDouble",1,24
"ch.qos.logback.core.joran.util.beans.BeanDescription",1,32
"ch.qos.logback.core.pattern.parser.Token",1,24
"ch.qos.logback.core.status.WarnStatus",1,40
"ch.qos.logback.core.subst.Token$Type",1,24
"ch.qos.logback.core.util.AggregationType[]",1,40
"com.jprofiler.agent.JProfilerThreadManager$Platform",1,48
"com.jprofiler.agent.probe.a.m$c",1,64
"com.sun.jmx.mbeanserver.DefaultMXBeanMappingFactory",1,16
"com.sun.jmx.mbeanserver.MBeanAnalyzer$MethodOrder",1,16
"com.sun.jmx.mbeanserver.WeakIdentityHashMap",1,24
"com.sun.management.VMOption$Origin",1,24
"com.sun.management.internal.DiagnosticCommandArgumentInfo[]",1,16
"com.sun.org.apache.xalan.internal.utils.XMLSecurityPropertyManager$Property",1,32
"com.sun.org.apache.xalan.internal.xsltc.trax.TransformerFactoryImpl",1,120
"com.sun.org.apache.xerces.internal.dom.DocumentImpl",1,128
"com.sun.org.apache.xerces.internal.impl.XMLDocumentScannerImpl$TrailingMiscDriver",1,16
"com.sun.org.apache.xerces.internal.impl.XMLEntityManager",1,152
"com.sun.org.apache.xerces.internal.impl.XMLEntityManager$EncodingInfo",1,32
"com.sun.org.apache.xerces.internal.impl.XMLScanner$NameType",1,24
"com.sun.org.apache.xerces.internal.impl.dv.dtd.NMTOKENDatatypeValidator",1,16
"com.sun.org.apache.xerces.internal.parsers.AbstractSAXParser$AttributesProxy",1,16
"com.sun.org.apache.xerces.internal.parsers.DOMParser",1,144
"com.sun.org.apache.xerces.internal.util.PropertyState",1,24
"com.sun.org.apache.xerces.internal.utils.XMLSecurityManager$Limit",1,40
"com.sun.org.apache.xerces.internal.utils.XMLSecurityPropertyManager$Property[]",1,24
"com.sun.proxy.jdk.proxy1.$Proxy5",1,16
"java.io.ByteArrayInputStream",1,32
"java.io.ClassCache$CacheRef",1,40
"java.io.ObjectInputFilter$Config$$Lambda$151.0x000000010030d198",1,16
"java.io.ObjectInputFilter$Config$BuiltinFilterFactory",1,16
"java.io.ObjectInputStream$$Lambda$147.0x000000010030afa0",1,16
"java.io.ObjectInputStream$$Lambda$148.0x000000010030b3b0",1,16
"java.io.ObjectStreamClass$ExceptionInfo",1,24
"java.lang.ClassValue$ClassValueMap",1,64
"java.lang.ClassValue$Entry",1,32
"java.lang.ClassValue$Entry[]",1,144
"java.lang.ClassValue$Identity",1,16
"java.lang.ClassValue$Version",1,24
"java.lang.Comparable[]",1,32
"java.lang.System$Logger$Level",1,24
"java.lang.ThreadGroup",1,48
"java.lang.annotation.RetentionPolicy",1,24
"java.lang.invoke.BoundMethodHandle$SpeciesData",1,48
"java.lang.invoke.BoundMethodHandle$Species_LLL",1,40
"java.lang.invoke.BoundMethodHandle$Species_LLLLLLLL",1,64
"java.lang.invoke.BoundMethodHandle$Species_LLLLLLLLLLL",1,72
"java.lang.invoke.Invokers",1,24
"java.lang.invoke.LambdaFormEditor$Transform[]",1,32
"java.lang.invoke.MethodHandleImpl$ArrayAccess",1,24
"java.lang.invoke.VarForm",1,32
"java.lang.invoke.VarHandle$TypesAndInvokers",1,24
"java.lang.invoke.VarHandleReferences$FieldInstanceReadWrite",1,40
"java.lang.reflect.Field",1,72
"java.lang.reflect.ProxyGenerator$ProxyMethod",1,40
"java.math.MathContext",1,24
"java.math.RoundingMode",1,24
"java.net.HostPortrange",1,32
"java.net.SocketPermissionCollection",1,24
"java.net.URLPermission",1,48
"java.nio.HeapCharBuffer",1,56
"java.security.AccessControlContext",1,40
"java.sql.Timestamp",1,32
"java.text.Normalizer$Form",1,24
"java.text.SimpleDateFormat",1,64
"java.time.Month",1,24
"java.time.ZoneOffset",1,24
"java.time.zone.ZoneOffsetTransitionRule",1,48
"java.util.Collections$UnmodifiableMap",1,32
"java.util.Date",1,24
"java.util.Formatter$Flags",1,16
"java.util.ResourceBundle$$Lambda$113.0x00000001001da450",1,16
"java.util.ResourceBundle$2",1,40
"java.util.ResourceBundle$NoFallbackControl",1,16
"java.util.Timer",1,24
"java.util.Vector$Itr",1,32
"java.util.concurrent.ConcurrentLinkedQueue",1,24
"java.util.concurrent.CountDownLatch$Sync",1,32
"java.util.concurrent.Executors$DefaultThreadFactory",1,24
"java.util.concurrent.LinkedBlockingQueue",1,48
"java.util.concurrent.RunnableScheduledFuture[]",1,80
"java.util.jar.Attributes",1,16
"java.util.jar.JarFile$JarFileEntry",1,104
"java.util.jar.Manifest",1,24
"java.util.logging.Level",1,32
"java.util.logging.Level$KnownLevel",1,32
"java.util.logging.LogManager$LogNode",1,32
"java.util.regex.Pattern$CharPredicate$$Lambda$94.0x000000010013f5a0",1,16
"java.util.regex.Pattern$CharProperty",1,24
"java.util.regex.Pattern$CharPropertyGreedy",1,24
"java.util.regex.Pattern$Ques",1,24
"java.util.stream.FindOps$FindSink$OfInt$$Lambda$75.0x000000010012e1f8",1,16
"java.util.stream.FindOps$FindSink$OfInt$$Lambda$76.0x000000010012e440",1,16
"java.util.zip.Inflater$InflaterZStreamRef",1,24
"javax.management.openmbean.ArrayType",1,48
"javax.management.openmbean.CompositeType",1,56
"javax.xml.catalog.CatalogFeatures$Feature[]",1,32
"jdk.internal.icu.util.CodePointTrie$ValueWidth",1,24
"jdk.internal.loader.ClassLoaderValue",1,16
"jdk.internal.logger.LazyLoggers$JdkLazyLogger",1,16
"jdk.internal.module.ServicesCatalog",1,16
"jdk.internal.reflect.GeneratedMethodAccessor8",1,16
"jdk.proxy1.$Proxy2",1,16
"jdk.xml.internal.JdkProperty",1,32
"jdk.xml.internal.JdkProperty$State",1,24
"jdk.xml.internal.JdkXmlFeatures$XmlFeature",1,48
"jdk.xml.internal.SecuritySupport$$Lambda$102.0x000000010016f0c0",1,16
"jdk.xml.internal.XMLSecurityManager$Limit",1,48
"jdk.xml.internal.XMLSecurityManager$NameMap",1,32
"long[][]",1,280
"org.apache.commons.collections4.map.AbstractHashedMap$EntrySet",1,16
"org.apache.commons.collections4.map.AbstractReferenceMap$ReferenceStrength",1,24
"org.apache.commons.io.input.ProxyInputStream$$Lambda$152.0x00000001003f3878",1,16
"org.apache.derby.exe.ac2e31c0abx0198x1d1ex133ax0000007e7f385",1,160
"org.apache.derby.exe.ac38c30028x0198x1d1ex133ax0000007e7f389",1,160
"org.apache.derby.exe.ac71b840bfx0198x1d1ex133ax0000007e7f385",1,160
"org.apache.derby.exe.ac9bfc415fx0198x1d1ex133ax0000007e7f385",1,160
"org.apache.derby.iapi.services.loader.InstanceGetter[]",1,1928
"org.apache.derby.iapi.sql.ResultColumnDescriptor[]",1,24
"org.apache.derby.iapi.sql.depend.ProviderInfo[]",1,16
"org.apache.derby.iapi.store.access.StaticCompiledOpenConglomInfo[]",1,24
"org.apache.derby.iapi.store.raw.RowLock",1,24
"org.apache.derby.iapi.types.SQLRef",1,16
"org.apache.derby.iapi.types.SQLVarchar",1,48
"org.apache.derby.impl.jdbc.EmbedBlob",1,56
"org.apache.derby.impl.services.monitor.TopService",1,48
"org.apache.derby.impl.services.reflect.DirectCall",1,16
"org.apache.derby.impl.sql.catalog.SYSDEPENDSRowFactory",1,64
"org.apache.derby.impl.sql.compile.NumericTypeCompiler",1,16
"org.apache.derby.impl.sql.compile.UCode_CharStream",1,80
"org.apache.derby.impl.sql.execute.CreateConstraintConstantAction[]",1,24
"org.apache.derby.impl.sql.execute.CreateIndexConstantAction",1,88
"org.apache.derby.impl.sql.execute.DeleteConstantAction",1,88
"org.apache.derby.impl.sql.execute.DeleteResultSet",1,200
"org.apache.derby.impl.sql.execute.IndexSetChanger",1,80
"org.apache.derby.impl.sql.execute.NormalizeResultSet",1,192
"org.apache.derby.impl.sql.execute.RowChangerImpl",1,104
"org.apache.derby.impl.sql.execute.UpdateResultSet",1,280
"org.apache.derby.impl.store.access.RllRAMAccessManager",1,72
"org.apache.derby.impl.store.access.btree.index.B2IRowLocking2",1,24
"org.apache.jackrabbit.commons.iterator.RangeIteratorAdapter",1,32
"org.apache.jackrabbit.commons.query.qom.Order[]",1,24
"org.apache.jackrabbit.core.DefaultSecurityManager",1,56
"org.apache.jackrabbit.core.NodeData",1,40
"org.apache.jackrabbit.core.cluster.ClusterRecordDeserializer",1,16
"org.apache.jackrabbit.core.nodetype.BitSetENTCacheImpl",1,32
"org.apache.jackrabbit.core.query.lucene.AbstractIndex$LoggingPrintStream",1,40
"org.apache.jackrabbit.core.query.lucene.DocId$PlainDocId[]",1,131088
"org.apache.jackrabbit.core.query.lucene.directory.FSDirectoryManager",1,24
"org.apache.jackrabbit.core.retention.RetentionPolicyImpl",1,32
"org.apache.jackrabbit.core.security.authentication.CallbackHandlerImpl",1,32
"org.apache.jackrabbit.core.security.authorization.acl.ACLProvider",1,40
"org.apache.jackrabbit.core.security.user.GroupImpl",1,32
"org.apache.jackrabbit.core.security.user.IndexNodeResolver",1,40
"org.apache.jackrabbit.core.security.util.SecuritySessionImplManager",1,16
"org.apache.jackrabbit.core.util.db.ConnectionFactory",1,40
"org.apache.jackrabbit.core.version.InternalVersionHistoryImpl",1,56
"org.apache.jackrabbit.core.xml.AccessControlImporter$ImportBehavior[]",1,24
"org.apache.jackrabbit.jcr2spi.AddNodeTest",1,216
"org.apache.jackrabbit.jcr2spi.AddPropertyTest",1,224
"org.apache.jackrabbit.jcr2spi.ExternalModificationTest",1,232
"org.apache.jackrabbit.jcr2spi.IsSameTest",1,216
"org.apache.jackrabbit.jcr2spi.LoginTest",1,216
"org.apache.jackrabbit.jcr2spi.MoveNewTreeTest",1,248
"org.apache.jackrabbit.jcr2spi.MoveSNSTest",1,240
"org.apache.jackrabbit.jcr2spi.MoveTest",1,232
"org.apache.jackrabbit.jcr2spi.MoveTreeTest",1,248
"org.apache.jackrabbit.jcr2spi.RefreshMovedTest",1,232
"org.apache.jackrabbit.jcr2spi.RefreshTrueTest",1,224
"org.apache.jackrabbit.jcr2spi.ReorderMixedTest",1,232
"org.apache.jackrabbit.jcr2spi.ReorderMoveTest",1,232
"org.apache.jackrabbit.jcr2spi.ReorderNewSNSTest",1,232
"org.apache.jackrabbit.jcr2spi.ReorderReferenceableSNSTest",1,232
"org.apache.jackrabbit.jcr2spi.ReorderSNSTest",1,232
"org.apache.jackrabbit.jcr2spi.RepositoryImpl",1,24
"org.apache.jackrabbit.jcr2spi.UpdateTest",1,224
"org.apache.jackrabbit.jcr2spi.WorkspaceMoveTest",1,232
"org.apache.jackrabbit.jcr2spi.lock.DeepLockTest",1,232
"org.apache.jackrabbit.jcr2spi.lock.SessionScopedLockTest",1,232
"org.apache.jackrabbit.jcr2spi.nodetype.AddMixinTest",1,224
"org.apache.jackrabbit.jcr2spi.nodetype.NodeTypeImplTest",1,232
"org.apache.jackrabbit.jcr2spi.nodetype.NodeTypeManagerImplTest",1,224
"org.apache.jackrabbit.jcr2spi.nodetype.RemoveMixinTest",1,224
"org.apache.jackrabbit.jcr2spi.observation.InternalEventListener[]",1,24
"org.apache.jackrabbit.jcr2spi.observation.ObservationManagerImpl",1,32
"org.apache.jackrabbit.jcr2spi.observation.ObservationTest$1",1,40
"org.apache.jackrabbit.jcr2spi.xml.SessionImportTest",1,216
"org.apache.jackrabbit.spi.commons.EventFilterImpl",1,32
"org.apache.jackrabbit.spi.commons.EventImpl",1,56
"org.apache.jackrabbit.spi.commons.PropertyInfoImpl",1,32
"org.apache.jackrabbit.spi.commons.identifier.IdFactoryImpl",1,16
"org.apache.jackrabbit.spi.commons.name.CurrentPath",1,32
"org.apache.jackrabbit.spi.commons.name.ParentPath",1,32
"org.apache.jackrabbit.spi.commons.namespace.RegistryNamespaceResolver",1,16
"org.apache.jackrabbit.spi.commons.value.QValueValue",1,24
"org.apache.jackrabbit.spi2jcr.EventFactory",1,32
"org.apache.jackrabbit.spi2jcr.RepositoryStubImpl$1",1,24
"org.apache.jackrabbit.test.JCRTestSuite",1,32
"org.apache.jackrabbit.test.api.DatePropertyTest",1,224
"org.apache.jackrabbit.test.api.ExportDocViewTest",1,264
"org.apache.jackrabbit.test.api.GetWeakReferencesTest",1,224
"org.apache.jackrabbit.test.api.HasPermissionTest",1,216
"org.apache.jackrabbit.test.api.LifecycleTest",1,224
"org.apache.jackrabbit.test.api.LongPropertyTest",1,224
"org.apache.jackrabbit.test.api.NodeSetPrimaryTypeTest",1,216
"org.apache.jackrabbit.test.api.NodeUUIDTest",1,216
"org.apache.jackrabbit.test.api.PathPropertyTest",1,224
"org.apache.jackrabbit.test.api.PathTest",1,224
"org.apache.jackrabbit.test.api.PropertyItemIsNewTest",1,224
"org.apache.jackrabbit.test.api.SessionReadMethodsTest",1,224
"org.apache.jackrabbit.test.api.SessionRemoveItemTest",1,232
"org.apache.jackrabbit.test.api.SetPropertyCalendarTest",1,232
"org.apache.jackrabbit.test.api.SetPropertyStringTest",1,248
"org.apache.jackrabbit.test.api.SetValueConstraintViolationExceptionTest",1,216
"org.apache.jackrabbit.test.api.SetValueLongTest",1,232
"org.apache.jackrabbit.test.api.StringPropertyTest",1,224
"org.apache.jackrabbit.test.api.WorkspaceCloneReferenceableTest",1,256
"org.apache.jackrabbit.test.api.lock.OpenScopedLockTest",1,232
"org.apache.jackrabbit.test.api.lock.SessionScopedLockTest",1,232
"org.apache.jackrabbit.test.api.nodetype.CanAddChildNodeCallWithNodeTypeTest",1,224
"org.apache.jackrabbit.test.api.nodetype.CanRemoveItemTest",1,224
"org.apache.jackrabbit.test.api.nodetype.CanSetPropertyBooleanTest",1,224
"org.apache.jackrabbit.test.api.nodetype.CanSetPropertyDoubleTest",1,224
"org.apache.jackrabbit.test.api.nodetype.CanSetPropertyMultipleTest",1,224
"org.apache.jackrabbit.test.api.nodetype.CanSetPropertyPathTest",1,224
"org.apache.jackrabbit.test.api.nodetype.NodeDefTest",1,224
"org.apache.jackrabbit.test.api.nodetype.NodeTypeCreationTest",1,232
"org.apache.jackrabbit.test.api.nodetype.NodeTypeTest",1,232
"org.apache.jackrabbit.test.api.observation.AddEventListenerTest",1,224
"org.apache.jackrabbit.test.api.observation.GetIdentifierTest",1,224
"org.apache.jackrabbit.test.api.observation.GetInfoTest",1,224
"org.apache.jackrabbit.test.api.observation.NodeRemovedTest",1,224
"org.apache.jackrabbit.test.api.observation.NodeReorderTest",1,224
"org.apache.jackrabbit.test.api.observation.PropertyAddedTest",1,224
"org.apache.jackrabbit.test.api.observation.PropertyChangedTest",1,224
"org.apache.jackrabbit.test.api.observation.PropertyRemovedTest",1,224
"org.apache.jackrabbit.test.api.observation.WorkspaceOperationTest",1,224
"org.apache.jackrabbit.test.api.query.CreateQueryTest",1,264
"org.apache.jackrabbit.test.api.query.DerefQueryLevel1Test",1,264
"org.apache.jackrabbit.test.api.query.OrderByLengthTest",1,264
"org.apache.jackrabbit.test.api.query.QueryResultNodeIteratorTest",1,264
"org.apache.jackrabbit.test.api.query.SQLQueryLevel2Test",1,264
"org.apache.jackrabbit.test.api.query.SaveTest",1,224
"org.apache.jackrabbit.test.api.query.SetLimitTest",1,264
"org.apache.jackrabbit.test.api.query.SetOffsetTest",1,264
"org.apache.jackrabbit.test.api.query.XPathQueryLevel2Test",1,264
"org.apache.jackrabbit.test.api.query.qom.BindVariableValueTest",1,272
"org.apache.jackrabbit.test.api.query.qom.ChildNodeJoinConditionTest",1,272
"org.apache.jackrabbit.test.api.query.qom.ChildNodeTest",1,264
"org.apache.jackrabbit.test.api.query.qom.ColumnTest",1,264
"org.apache.jackrabbit.test.api.query.qom.DescendantNodeTest",1,264
"org.apache.jackrabbit.test.api.query.qom.NodeNameTest",1,264
"org.apache.jackrabbit.test.api.query.qom.SameNodeJoinConditionTest",1,272
"org.apache.jackrabbit.test.api.query.qom.SameNodeTest",1,264
"org.apache.jackrabbit.test.api.retention.HoldEffectTest",1,240
"org.apache.jackrabbit.test.api.security.AccessControlDiscoveryTest",1,224
"org.apache.jackrabbit.test.api.security.AccessControlListTest",1,240
"org.apache.jackrabbit.test.api.security.RSessionAccessControlPolicyTest",1,232
"org.apache.jackrabbit.test.api.version.ConfigurationsTest",1,248
"org.apache.jackrabbit.test.api.version.MergeNonVersionableSubNodeTest",1,240
"org.apache.jackrabbit.test.api.version.OnParentVersionAbortTest",1,256
"org.apache.jackrabbit.test.api.version.VersionGraphTest",1,240
"org.apache.jackrabbit.test.api.version.VersionLabelTest",1,256
"org.apache.jackrabbit.test.api.version.simple.CheckinTest",1,240
"org.apache.jackrabbit.util.TransientFileFactory",1,24
"org.apache.jackrabbit.value.ValueFactoryImpl",1,16
"org.apache.lucene.analysis.standard.ClassicAnalyzer",1,32
"org.apache.lucene.document.Field$Index$3",1,24
"org.apache.lucene.document.Field$TermVector$3",1,24
"org.apache.lucene.index.BufferedDeletesStream$1",1,16
"org.apache.lucene.index.DocFieldProcessorPerThread$1",1,16
"org.apache.lucene.index.IndexFileDeleter$CommitPoint",1,56
"org.apache.lucene.index.IndexFileDeleter$RefCount",1,24
"org.apache.lucene.index.IndexFileNameFilter",1,24
"org.apache.lucene.index.IndexWriterConfig$OpenMode",1,24
"org.apache.lucene.search.DefaultSimilarity",1,16
"org.apache.lucene.search.SortField",1,40
"org.apache.lucene.store.RAMInputStream",1,56
"org.apache.lucene.util.AttributeSource$State",1,24
"org.apache.lucene.util.BitVector",1,24
"org.apache.lucene.util.Version",1,24
"org.apache.maven.surefire.api.booter.Command",1,24
"org.apache.maven.surefire.api.cli.CommandLineOption",1,24
"org.apache.maven.surefire.api.cli.CommandLineOption[]",1,48
"org.apache.maven.surefire.api.report.ConsoleOutputCapture$NullOutputStream",1,16
"org.apache.maven.surefire.api.stream.SegmentType",1,24
"org.apache.maven.surefire.api.util.RunOrder",1,16
"org.apache.maven.surefire.api.util.internal.DaemonThreadFactory$NamedThreadFactory",1,16
"org.apache.maven.surefire.shared.lang3.JavaVersion[]",1,112
"org.apache.maven.surefire.shared.lang3.function.Suppliers$$Lambda$64.0x000000010014f130",1,16
"org.apache.tika.concurrent.SimpleThreadPoolExecutor$$Lambda$159.0x000000010043ccd8",1,16
"org.apache.tika.config.InitializableProblemHandler$1",1,16
"org.apache.tika.parser.CompositeParser",1,24
"org.apache.tika.parser.DefaultParser",1,32
"org.apache.tika.utils.ServiceLoaderUtils$$Lambda$158.0x00000001004390a8",1,16
"org.junit.internal.runners.JUnit38ClassRunner$OldTestClassAdaptingListener",1,16
"org.junit.runner.notification.SynchronizedRunListener",1,24
"org.slf4j.helpers.SubstituteLoggerFactory",1,24
"org.slf4j.impl.StaticLoggerBinder",1,24
"org.xml.sax.helpers.AttributesImpl",1,24
"org.xml.sax.helpers.LocatorImpl",1,32
"sun.management.ManagementFactoryHelper$$Lambda$139.0x00000001002f6be0",1,16
"sun.management.MappedMXBeanType$BasicMXBeanType",1,32
"sun.net.www.protocol.file.FileURLConnection",1,104
"sun.net.www.protocol.jar.JarURLConnection",1,88
"sun.nio.ch.FileKey",1,40
"sun.nio.ch.Util$BufferCache",1,24
"sun.reflect.generics.reflectiveObjects.ParameterizedTypeImpl",1,24
"sun.reflect.generics.reflectiveObjects.TypeVariableImpl",1,32
"sun.reflect.generics.repository.ClassRepository",1,32
"sun.reflect.generics.scope.MethodScope",1,24
"sun.security.provider.MoreDrbgParameters",1,48
"sun.security.provider.PolicyFile$PolicyEntry",1,24
"sun.util.calendar.Gregorian$Date",1,96
"sun.util.locale.InternalLocaleBuilder$CaseInsensitiveChar",1,16
"sun.util.locale.provider.JRELocaleProviderAdapter",1,80
"sun.util.locale.provider.LocaleResources$ResourceReference",1,40
"sun.util.logging.PlatformLogger$Level",1,24
"sun.util.logging.internal.LoggingProviderImpl",1,16
"sun.util.logging.internal.LoggingProviderImpl$JULWrapper",1,16
"sun.util.resources.Bundles$BundleReference",1,40
